statement,label
Fifty-one is smaller than fifty-two.,1
Fifty-one is smaller than fifty-three.,1
Fifty-one is smaller than fifty-four.,1
Fifty-one is smaller than fifty-five.,1
Fifty-one is smaller than fifty-six.,1
Fifty-one is smaller than fifty-seven.,1
Fifty-one is smaller than fifty-eight.,1
Fifty-one is smaller than fifty-nine.,1
Fifty-one is smaller than sixty-one.,1
Fifty-one is smaller than sixty-two.,1
Fifty-one is smaller than sixty-three.,1
Fifty-one is smaller than sixty-four.,1
Fifty-one is smaller than sixty-five.,1
Fifty-one is smaller than sixty-six.,1
Fifty-one is smaller than sixty-seven.,1
Fifty-one is smaller than sixty-eight.,1
Fifty-one is smaller than sixty-nine.,1
Fifty-one is smaller than seventy-one.,1
Fifty-one is smaller than seventy-two.,1
Fifty-one is smaller than seventy-three.,1
Fifty-one is smaller than seventy-four.,1
Fifty-one is smaller than seventy-five.,1
Fifty-one is smaller than seventy-six.,1
Fifty-one is smaller than seventy-seven.,1
Fifty-one is smaller than seventy-eight.,1
Fifty-one is smaller than seventy-nine.,1
Fifty-one is smaller than eighty-one.,1
Fifty-one is smaller than eighty-two.,1
Fifty-one is smaller than eighty-three.,1
Fifty-one is smaller than eighty-four.,1
Fifty-one is smaller than eighty-five.,1
Fifty-one is smaller than eighty-six.,1
Fifty-one is smaller than eighty-seven.,1
Fifty-one is smaller than eighty-eight.,1
Fifty-one is smaller than eighty-nine.,1
Fifty-one is smaller than ninety-one.,1
Fifty-one is smaller than ninety-two.,1
Fifty-one is smaller than ninety-three.,1
Fifty-one is smaller than ninety-four.,1
Fifty-one is smaller than ninety-five.,1
Fifty-one is smaller than ninety-six.,1
Fifty-one is smaller than ninety-seven.,1
Fifty-one is smaller than ninety-eight.,1
Fifty-one is smaller than ninety-nine.,1
Fifty-two is smaller than fifty-one.,0
Fifty-two is smaller than fifty-three.,1
Fifty-two is smaller than fifty-four.,1
Fifty-two is smaller than fifty-five.,1
Fifty-two is smaller than fifty-six.,1
Fifty-two is smaller than fifty-seven.,1
Fifty-two is smaller than fifty-eight.,1
Fifty-two is smaller than fifty-nine.,1
Fifty-two is smaller than sixty-one.,1
Fifty-two is smaller than sixty-two.,1
Fifty-two is smaller than sixty-three.,1
Fifty-two is smaller than sixty-four.,1
Fifty-two is smaller than sixty-five.,1
Fifty-two is smaller than sixty-six.,1
Fifty-two is smaller than sixty-seven.,1
Fifty-two is smaller than sixty-eight.,1
Fifty-two is smaller than sixty-nine.,1
Fifty-two is smaller than seventy-one.,1
Fifty-two is smaller than seventy-two.,1
Fifty-two is smaller than seventy-three.,1
Fifty-two is smaller than seventy-four.,1
Fifty-two is smaller than seventy-five.,1
Fifty-two is smaller than seventy-six.,1
Fifty-two is smaller than seventy-seven.,1
Fifty-two is smaller than seventy-eight.,1
Fifty-two is smaller than seventy-nine.,1
Fifty-two is smaller than eighty-one.,1
Fifty-two is smaller than eighty-two.,1
Fifty-two is smaller than eighty-three.,1
Fifty-two is smaller than eighty-four.,1
Fifty-two is smaller than eighty-five.,1
Fifty-two is smaller than eighty-six.,1
Fifty-two is smaller than eighty-seven.,1
Fifty-two is smaller than eighty-eight.,1
Fifty-two is smaller than eighty-nine.,1
Fifty-two is smaller than ninety-one.,1
Fifty-two is smaller than ninety-two.,1
Fifty-two is smaller than ninety-three.,1
Fifty-two is smaller than ninety-four.,1
Fifty-two is smaller than ninety-five.,1
Fifty-two is smaller than ninety-six.,1
Fifty-two is smaller than ninety-seven.,1
Fifty-two is smaller than ninety-eight.,1
Fifty-two is smaller than ninety-nine.,1
Fifty-three is smaller than fifty-one.,0
Fifty-three is smaller than fifty-two.,0
Fifty-three is smaller than fifty-four.,1
Fifty-three is smaller than fifty-five.,1
Fifty-three is smaller than fifty-six.,1
Fifty-three is smaller than fifty-seven.,1
Fifty-three is smaller than fifty-eight.,1
Fifty-three is smaller than fifty-nine.,1
Fifty-three is smaller than sixty-one.,1
Fifty-three is smaller than sixty-two.,1
Fifty-three is smaller than sixty-three.,1
Fifty-three is smaller than sixty-four.,1
Fifty-three is smaller than sixty-five.,1
Fifty-three is smaller than sixty-six.,1
Fifty-three is smaller than sixty-seven.,1
Fifty-three is smaller than sixty-eight.,1
Fifty-three is smaller than sixty-nine.,1
Fifty-three is smaller than seventy-one.,1
Fifty-three is smaller than seventy-two.,1
Fifty-three is smaller than seventy-three.,1
Fifty-three is smaller than seventy-four.,1
Fifty-three is smaller than seventy-five.,1
Fifty-three is smaller than seventy-six.,1
Fifty-three is smaller than seventy-seven.,1
Fifty-three is smaller than seventy-eight.,1
Fifty-three is smaller than seventy-nine.,1
Fifty-three is smaller than eighty-one.,1
Fifty-three is smaller than eighty-two.,1
Fifty-three is smaller than eighty-three.,1
Fifty-three is smaller than eighty-four.,1
Fifty-three is smaller than eighty-five.,1
Fifty-three is smaller than eighty-six.,1
Fifty-three is smaller than eighty-seven.,1
Fifty-three is smaller than eighty-eight.,1
Fifty-three is smaller than eighty-nine.,1
Fifty-three is smaller than ninety-one.,1
Fifty-three is smaller than ninety-two.,1
Fifty-three is smaller than ninety-three.,1
Fifty-three is smaller than ninety-four.,1
Fifty-three is smaller than ninety-five.,1
Fifty-three is smaller than ninety-six.,1
Fifty-three is smaller than ninety-seven.,1
Fifty-three is smaller than ninety-eight.,1
Fifty-three is smaller than ninety-nine.,1
Fifty-four is smaller than fifty-one.,0
Fifty-four is smaller than fifty-two.,0
Fifty-four is smaller than fifty-three.,0
Fifty-four is smaller than fifty-five.,1
Fifty-four is smaller than fifty-six.,1
Fifty-four is smaller than fifty-seven.,1
Fifty-four is smaller than fifty-eight.,1
Fifty-four is smaller than fifty-nine.,1
Fifty-four is smaller than sixty-one.,1
Fifty-four is smaller than sixty-two.,1
Fifty-four is smaller than sixty-three.,1
Fifty-four is smaller than sixty-four.,1
Fifty-four is smaller than sixty-five.,1
Fifty-four is smaller than sixty-six.,1
Fifty-four is smaller than sixty-seven.,1
Fifty-four is smaller than sixty-eight.,1
Fifty-four is smaller than sixty-nine.,1
Fifty-four is smaller than seventy-one.,1
Fifty-four is smaller than seventy-two.,1
Fifty-four is smaller than seventy-three.,1
Fifty-four is smaller than seventy-four.,1
Fifty-four is smaller than seventy-five.,1
Fifty-four is smaller than seventy-six.,1
Fifty-four is smaller than seventy-seven.,1
Fifty-four is smaller than seventy-eight.,1
Fifty-four is smaller than seventy-nine.,1
Fifty-four is smaller than eighty-one.,1
Fifty-four is smaller than eighty-two.,1
Fifty-four is smaller than eighty-three.,1
Fifty-four is smaller than eighty-four.,1
Fifty-four is smaller than eighty-five.,1
Fifty-four is smaller than eighty-six.,1
Fifty-four is smaller than eighty-seven.,1
Fifty-four is smaller than eighty-eight.,1
Fifty-four is smaller than eighty-nine.,1
Fifty-four is smaller than ninety-one.,1
Fifty-four is smaller than ninety-two.,1
Fifty-four is smaller than ninety-three.,1
Fifty-four is smaller than ninety-four.,1
Fifty-four is smaller than ninety-five.,1
Fifty-four is smaller than ninety-six.,1
Fifty-four is smaller than ninety-seven.,1
Fifty-four is smaller than ninety-eight.,1
Fifty-four is smaller than ninety-nine.,1
Fifty-five is smaller than fifty-one.,0
Fifty-five is smaller than fifty-two.,0
Fifty-five is smaller than fifty-three.,0
Fifty-five is smaller than fifty-four.,0
Fifty-five is smaller than fifty-six.,1
Fifty-five is smaller than fifty-seven.,1
Fifty-five is smaller than fifty-eight.,1
Fifty-five is smaller than fifty-nine.,1
Fifty-five is smaller than sixty-one.,1
Fifty-five is smaller than sixty-two.,1
Fifty-five is smaller than sixty-three.,1
Fifty-five is smaller than sixty-four.,1
Fifty-five is smaller than sixty-five.,1
Fifty-five is smaller than sixty-six.,1
Fifty-five is smaller than sixty-seven.,1
Fifty-five is smaller than sixty-eight.,1
Fifty-five is smaller than sixty-nine.,1
Fifty-five is smaller than seventy-one.,1
Fifty-five is smaller than seventy-two.,1
Fifty-five is smaller than seventy-three.,1
Fifty-five is smaller than seventy-four.,1
Fifty-five is smaller than seventy-five.,1
Fifty-five is smaller than seventy-six.,1
Fifty-five is smaller than seventy-seven.,1
Fifty-five is smaller than seventy-eight.,1
Fifty-five is smaller than seventy-nine.,1
Fifty-five is smaller than eighty-one.,1
Fifty-five is smaller than eighty-two.,1
Fifty-five is smaller than eighty-three.,1
Fifty-five is smaller than eighty-four.,1
Fifty-five is smaller than eighty-five.,1
Fifty-five is smaller than eighty-six.,1
Fifty-five is smaller than eighty-seven.,1
Fifty-five is smaller than eighty-eight.,1
Fifty-five is smaller than eighty-nine.,1
Fifty-five is smaller than ninety-one.,1
Fifty-five is smaller than ninety-two.,1
Fifty-five is smaller than ninety-three.,1
Fifty-five is smaller than ninety-four.,1
Fifty-five is smaller than ninety-five.,1
Fifty-five is smaller than ninety-six.,1
Fifty-five is smaller than ninety-seven.,1
Fifty-five is smaller than ninety-eight.,1
Fifty-five is smaller than ninety-nine.,1
Fifty-six is smaller than fifty-one.,0
Fifty-six is smaller than fifty-two.,0
Fifty-six is smaller than fifty-three.,0
Fifty-six is smaller than fifty-four.,0
Fifty-six is smaller than fifty-five.,0
Fifty-six is smaller than fifty-seven.,1
Fifty-six is smaller than fifty-eight.,1
Fifty-six is smaller than fifty-nine.,1
Fifty-six is smaller than sixty-one.,1
Fifty-six is smaller than sixty-two.,1
Fifty-six is smaller than sixty-three.,1
Fifty-six is smaller than sixty-four.,1
Fifty-six is smaller than sixty-five.,1
Fifty-six is smaller than sixty-six.,1
Fifty-six is smaller than sixty-seven.,1
Fifty-six is smaller than sixty-eight.,1
Fifty-six is smaller than sixty-nine.,1
Fifty-six is smaller than seventy-one.,1
Fifty-six is smaller than seventy-two.,1
Fifty-six is smaller than seventy-three.,1
Fifty-six is smaller than seventy-four.,1
Fifty-six is smaller than seventy-five.,1
Fifty-six is smaller than seventy-six.,1
Fifty-six is smaller than seventy-seven.,1
Fifty-six is smaller than seventy-eight.,1
Fifty-six is smaller than seventy-nine.,1
Fifty-six is smaller than eighty-one.,1
Fifty-six is smaller than eighty-two.,1
Fifty-six is smaller than eighty-three.,1
Fifty-six is smaller than eighty-four.,1
Fifty-six is smaller than eighty-five.,1
Fifty-six is smaller than eighty-six.,1
Fifty-six is smaller than eighty-seven.,1
Fifty-six is smaller than eighty-eight.,1
Fifty-six is smaller than eighty-nine.,1
Fifty-six is smaller than ninety-one.,1
Fifty-six is smaller than ninety-two.,1
Fifty-six is smaller than ninety-three.,1
Fifty-six is smaller than ninety-four.,1
Fifty-six is smaller than ninety-five.,1
Fifty-six is smaller than ninety-six.,1
Fifty-six is smaller than ninety-seven.,1
Fifty-six is smaller than ninety-eight.,1
Fifty-six is smaller than ninety-nine.,1
Fifty-seven is smaller than fifty-one.,0
Fifty-seven is smaller than fifty-two.,0
Fifty-seven is smaller than fifty-three.,0
Fifty-seven is smaller than fifty-four.,0
Fifty-seven is smaller than fifty-five.,0
Fifty-seven is smaller than fifty-six.,0
Fifty-seven is smaller than fifty-eight.,1
Fifty-seven is smaller than fifty-nine.,1
Fifty-seven is smaller than sixty-one.,1
Fifty-seven is smaller than sixty-two.,1
Fifty-seven is smaller than sixty-three.,1
Fifty-seven is smaller than sixty-four.,1
Fifty-seven is smaller than sixty-five.,1
Fifty-seven is smaller than sixty-six.,1
Fifty-seven is smaller than sixty-seven.,1
Fifty-seven is smaller than sixty-eight.,1
Fifty-seven is smaller than sixty-nine.,1
Fifty-seven is smaller than seventy-one.,1
Fifty-seven is smaller than seventy-two.,1
Fifty-seven is smaller than seventy-three.,1
Fifty-seven is smaller than seventy-four.,1
Fifty-seven is smaller than seventy-five.,1
Fifty-seven is smaller than seventy-six.,1
Fifty-seven is smaller than seventy-seven.,1
Fifty-seven is smaller than seventy-eight.,1
Fifty-seven is smaller than seventy-nine.,1
Fifty-seven is smaller than eighty-one.,1
Fifty-seven is smaller than eighty-two.,1
Fifty-seven is smaller than eighty-three.,1
Fifty-seven is smaller than eighty-four.,1
Fifty-seven is smaller than eighty-five.,1
Fifty-seven is smaller than eighty-six.,1
Fifty-seven is smaller than eighty-seven.,1
Fifty-seven is smaller than eighty-eight.,1
Fifty-seven is smaller than eighty-nine.,1
Fifty-seven is smaller than ninety-one.,1
Fifty-seven is smaller than ninety-two.,1
Fifty-seven is smaller than ninety-three.,1
Fifty-seven is smaller than ninety-four.,1
Fifty-seven is smaller than ninety-five.,1
Fifty-seven is smaller than ninety-six.,1
Fifty-seven is smaller than ninety-seven.,1
Fifty-seven is smaller than ninety-eight.,1
Fifty-seven is smaller than ninety-nine.,1
Fifty-eight is smaller than fifty-one.,0
Fifty-eight is smaller than fifty-two.,0
Fifty-eight is smaller than fifty-three.,0
Fifty-eight is smaller than fifty-four.,0
Fifty-eight is smaller than fifty-five.,0
Fifty-eight is smaller than fifty-six.,0
Fifty-eight is smaller than fifty-seven.,0
Fifty-eight is smaller than fifty-nine.,1
Fifty-eight is smaller than sixty-one.,1
Fifty-eight is smaller than sixty-two.,1
Fifty-eight is smaller than sixty-three.,1
Fifty-eight is smaller than sixty-four.,1
Fifty-eight is smaller than sixty-five.,1
Fifty-eight is smaller than sixty-six.,1
Fifty-eight is smaller than sixty-seven.,1
Fifty-eight is smaller than sixty-eight.,1
Fifty-eight is smaller than sixty-nine.,1
Fifty-eight is smaller than seventy-one.,1
Fifty-eight is smaller than seventy-two.,1
Fifty-eight is smaller than seventy-three.,1
Fifty-eight is smaller than seventy-four.,1
Fifty-eight is smaller than seventy-five.,1
Fifty-eight is smaller than seventy-six.,1
Fifty-eight is smaller than seventy-seven.,1
Fifty-eight is smaller than seventy-eight.,1
Fifty-eight is smaller than seventy-nine.,1
Fifty-eight is smaller than eighty-one.,1
Fifty-eight is smaller than eighty-two.,1
Fifty-eight is smaller than eighty-three.,1
Fifty-eight is smaller than eighty-four.,1
Fifty-eight is smaller than eighty-five.,1
Fifty-eight is smaller than eighty-six.,1
Fifty-eight is smaller than eighty-seven.,1
Fifty-eight is smaller than eighty-eight.,1
Fifty-eight is smaller than eighty-nine.,1
Fifty-eight is smaller than ninety-one.,1
Fifty-eight is smaller than ninety-two.,1
Fifty-eight is smaller than ninety-three.,1
Fifty-eight is smaller than ninety-four.,1
Fifty-eight is smaller than ninety-five.,1
Fifty-eight is smaller than ninety-six.,1
Fifty-eight is smaller than ninety-seven.,1
Fifty-eight is smaller than ninety-eight.,1
Fifty-eight is smaller than ninety-nine.,1
Fifty-nine is smaller than fifty-one.,0
Fifty-nine is smaller than fifty-two.,0
Fifty-nine is smaller than fifty-three.,0
Fifty-nine is smaller than fifty-four.,0
Fifty-nine is smaller than fifty-five.,0
Fifty-nine is smaller than fifty-six.,0
Fifty-nine is smaller than fifty-seven.,0
Fifty-nine is smaller than fifty-eight.,0
Fifty-nine is smaller than sixty-one.,1
Fifty-nine is smaller than sixty-two.,1
Fifty-nine is smaller than sixty-three.,1
Fifty-nine is smaller than sixty-four.,1
Fifty-nine is smaller than sixty-five.,1
Fifty-nine is smaller than sixty-six.,1
Fifty-nine is smaller than sixty-seven.,1
Fifty-nine is smaller than sixty-eight.,1
Fifty-nine is smaller than sixty-nine.,1
Fifty-nine is smaller than seventy-one.,1
Fifty-nine is smaller than seventy-two.,1
Fifty-nine is smaller than seventy-three.,1
Fifty-nine is smaller than seventy-four.,1
Fifty-nine is smaller than seventy-five.,1
Fifty-nine is smaller than seventy-six.,1
Fifty-nine is smaller than seventy-seven.,1
Fifty-nine is smaller than seventy-eight.,1
Fifty-nine is smaller than seventy-nine.,1
Fifty-nine is smaller than eighty-one.,1
Fifty-nine is smaller than eighty-two.,1
Fifty-nine is smaller than eighty-three.,1
Fifty-nine is smaller than eighty-four.,1
Fifty-nine is smaller than eighty-five.,1
Fifty-nine is smaller than eighty-six.,1
Fifty-nine is smaller than eighty-seven.,1
Fifty-nine is smaller than eighty-eight.,1
Fifty-nine is smaller than eighty-nine.,1
Fifty-nine is smaller than ninety-one.,1
Fifty-nine is smaller than ninety-two.,1
Fifty-nine is smaller than ninety-three.,1
Fifty-nine is smaller than ninety-four.,1
Fifty-nine is smaller than ninety-five.,1
Fifty-nine is smaller than ninety-six.,1
Fifty-nine is smaller than ninety-seven.,1
Fifty-nine is smaller than ninety-eight.,1
Fifty-nine is smaller than ninety-nine.,1
Sixty-one is smaller than fifty-one.,0
Sixty-one is smaller than fifty-two.,0
Sixty-one is smaller than fifty-three.,0
Sixty-one is smaller than fifty-four.,0
Sixty-one is smaller than fifty-five.,0
Sixty-one is smaller than fifty-six.,0
Sixty-one is smaller than fifty-seven.,0
Sixty-one is smaller than fifty-eight.,0
Sixty-one is smaller than fifty-nine.,0
Sixty-one is smaller than sixty-two.,1
Sixty-one is smaller than sixty-three.,1
Sixty-one is smaller than sixty-four.,1
Sixty-one is smaller than sixty-five.,1
Sixty-one is smaller than sixty-six.,1
Sixty-one is smaller than sixty-seven.,1
Sixty-one is smaller than sixty-eight.,1
Sixty-one is smaller than sixty-nine.,1
Sixty-one is smaller than seventy-one.,1
Sixty-one is smaller than seventy-two.,1
Sixty-one is smaller than seventy-three.,1
Sixty-one is smaller than seventy-four.,1
Sixty-one is smaller than seventy-five.,1
Sixty-one is smaller than seventy-six.,1
Sixty-one is smaller than seventy-seven.,1
Sixty-one is smaller than seventy-eight.,1
Sixty-one is smaller than seventy-nine.,1
Sixty-one is smaller than eighty-one.,1
Sixty-one is smaller than eighty-two.,1
Sixty-one is smaller than eighty-three.,1
Sixty-one is smaller than eighty-four.,1
Sixty-one is smaller than eighty-five.,1
Sixty-one is smaller than eighty-six.,1
Sixty-one is smaller than eighty-seven.,1
Sixty-one is smaller than eighty-eight.,1
Sixty-one is smaller than eighty-nine.,1
Sixty-one is smaller than ninety-one.,1
Sixty-one is smaller than ninety-two.,1
Sixty-one is smaller than ninety-three.,1
Sixty-one is smaller than ninety-four.,1
Sixty-one is smaller than ninety-five.,1
Sixty-one is smaller than ninety-six.,1
Sixty-one is smaller than ninety-seven.,1
Sixty-one is smaller than ninety-eight.,1
Sixty-one is smaller than ninety-nine.,1
Sixty-two is smaller than fifty-one.,0
Sixty-two is smaller than fifty-two.,0
Sixty-two is smaller than fifty-three.,0
Sixty-two is smaller than fifty-four.,0
Sixty-two is smaller than fifty-five.,0
Sixty-two is smaller than fifty-six.,0
Sixty-two is smaller than fifty-seven.,0
Sixty-two is smaller than fifty-eight.,0
Sixty-two is smaller than fifty-nine.,0
Sixty-two is smaller than sixty-one.,0
Sixty-two is smaller than sixty-three.,1
Sixty-two is smaller than sixty-four.,1
Sixty-two is smaller than sixty-five.,1
Sixty-two is smaller than sixty-six.,1
Sixty-two is smaller than sixty-seven.,1
Sixty-two is smaller than sixty-eight.,1
Sixty-two is smaller than sixty-nine.,1
Sixty-two is smaller than seventy-one.,1
Sixty-two is smaller than seventy-two.,1
Sixty-two is smaller than seventy-three.,1
Sixty-two is smaller than seventy-four.,1
Sixty-two is smaller than seventy-five.,1
Sixty-two is smaller than seventy-six.,1
Sixty-two is smaller than seventy-seven.,1
Sixty-two is smaller than seventy-eight.,1
Sixty-two is smaller than seventy-nine.,1
Sixty-two is smaller than eighty-one.,1
Sixty-two is smaller than eighty-two.,1
Sixty-two is smaller than eighty-three.,1
Sixty-two is smaller than eighty-four.,1
Sixty-two is smaller than eighty-five.,1
Sixty-two is smaller than eighty-six.,1
Sixty-two is smaller than eighty-seven.,1
Sixty-two is smaller than eighty-eight.,1
Sixty-two is smaller than eighty-nine.,1
Sixty-two is smaller than ninety-one.,1
Sixty-two is smaller than ninety-two.,1
Sixty-two is smaller than ninety-three.,1
Sixty-two is smaller than ninety-four.,1
Sixty-two is smaller than ninety-five.,1
Sixty-two is smaller than ninety-six.,1
Sixty-two is smaller than ninety-seven.,1
Sixty-two is smaller than ninety-eight.,1
Sixty-two is smaller than ninety-nine.,1
Sixty-three is smaller than fifty-one.,0
Sixty-three is smaller than fifty-two.,0
Sixty-three is smaller than fifty-three.,0
Sixty-three is smaller than fifty-four.,0
Sixty-three is smaller than fifty-five.,0
Sixty-three is smaller than fifty-six.,0
Sixty-three is smaller than fifty-seven.,0
Sixty-three is smaller than fifty-eight.,0
Sixty-three is smaller than fifty-nine.,0
Sixty-three is smaller than sixty-one.,0
Sixty-three is smaller than sixty-two.,0
Sixty-three is smaller than sixty-four.,1
Sixty-three is smaller than sixty-five.,1
Sixty-three is smaller than sixty-six.,1
Sixty-three is smaller than sixty-seven.,1
Sixty-three is smaller than sixty-eight.,1
Sixty-three is smaller than sixty-nine.,1
Sixty-three is smaller than seventy-one.,1
Sixty-three is smaller than seventy-two.,1
Sixty-three is smaller than seventy-three.,1
Sixty-three is smaller than seventy-four.,1
Sixty-three is smaller than seventy-five.,1
Sixty-three is smaller than seventy-six.,1
Sixty-three is smaller than seventy-seven.,1
Sixty-three is smaller than seventy-eight.,1
Sixty-three is smaller than seventy-nine.,1
Sixty-three is smaller than eighty-one.,1
Sixty-three is smaller than eighty-two.,1
Sixty-three is smaller than eighty-three.,1
Sixty-three is smaller than eighty-four.,1
Sixty-three is smaller than eighty-five.,1
Sixty-three is smaller than eighty-six.,1
Sixty-three is smaller than eighty-seven.,1
Sixty-three is smaller than eighty-eight.,1
Sixty-three is smaller than eighty-nine.,1
Sixty-three is smaller than ninety-one.,1
Sixty-three is smaller than ninety-two.,1
Sixty-three is smaller than ninety-three.,1
Sixty-three is smaller than ninety-four.,1
Sixty-three is smaller than ninety-five.,1
Sixty-three is smaller than ninety-six.,1
Sixty-three is smaller than ninety-seven.,1
Sixty-three is smaller than ninety-eight.,1
Sixty-three is smaller than ninety-nine.,1
Sixty-four is smaller than fifty-one.,0
Sixty-four is smaller than fifty-two.,0
Sixty-four is smaller than fifty-three.,0
Sixty-four is smaller than fifty-four.,0
Sixty-four is smaller than fifty-five.,0
Sixty-four is smaller than fifty-six.,0
Sixty-four is smaller than fifty-seven.,0
Sixty-four is smaller than fifty-eight.,0
Sixty-four is smaller than fifty-nine.,0
Sixty-four is smaller than sixty-one.,0
Sixty-four is smaller than sixty-two.,0
Sixty-four is smaller than sixty-three.,0
Sixty-four is smaller than sixty-five.,1
Sixty-four is smaller than sixty-six.,1
Sixty-four is smaller than sixty-seven.,1
Sixty-four is smaller than sixty-eight.,1
Sixty-four is smaller than sixty-nine.,1
Sixty-four is smaller than seventy-one.,1
Sixty-four is smaller than seventy-two.,1
Sixty-four is smaller than seventy-three.,1
Sixty-four is smaller than seventy-four.,1
Sixty-four is smaller than seventy-five.,1
Sixty-four is smaller than seventy-six.,1
Sixty-four is smaller than seventy-seven.,1
Sixty-four is smaller than seventy-eight.,1
Sixty-four is smaller than seventy-nine.,1
Sixty-four is smaller than eighty-one.,1
Sixty-four is smaller than eighty-two.,1
Sixty-four is smaller than eighty-three.,1
Sixty-four is smaller than eighty-four.,1
Sixty-four is smaller than eighty-five.,1
Sixty-four is smaller than eighty-six.,1
Sixty-four is smaller than eighty-seven.,1
Sixty-four is smaller than eighty-eight.,1
Sixty-four is smaller than eighty-nine.,1
Sixty-four is smaller than ninety-one.,1
Sixty-four is smaller than ninety-two.,1
Sixty-four is smaller than ninety-three.,1
Sixty-four is smaller than ninety-four.,1
Sixty-four is smaller than ninety-five.,1
Sixty-four is smaller than ninety-six.,1
Sixty-four is smaller than ninety-seven.,1
Sixty-four is smaller than ninety-eight.,1
Sixty-four is smaller than ninety-nine.,1
Sixty-five is smaller than fifty-one.,0
Sixty-five is smaller than fifty-two.,0
Sixty-five is smaller than fifty-three.,0
Sixty-five is smaller than fifty-four.,0
Sixty-five is smaller than fifty-five.,0
Sixty-five is smaller than fifty-six.,0
Sixty-five is smaller than fifty-seven.,0
Sixty-five is smaller than fifty-eight.,0
Sixty-five is smaller than fifty-nine.,0
Sixty-five is smaller than sixty-one.,0
Sixty-five is smaller than sixty-two.,0
Sixty-five is smaller than sixty-three.,0
Sixty-five is smaller than sixty-four.,0
Sixty-five is smaller than sixty-six.,1
Sixty-five is smaller than sixty-seven.,1
Sixty-five is smaller than sixty-eight.,1
Sixty-five is smaller than sixty-nine.,1
Sixty-five is smaller than seventy-one.,1
Sixty-five is smaller than seventy-two.,1
Sixty-five is smaller than seventy-three.,1
Sixty-five is smaller than seventy-four.,1
Sixty-five is smaller than seventy-five.,1
Sixty-five is smaller than seventy-six.,1
Sixty-five is smaller than seventy-seven.,1
Sixty-five is smaller than seventy-eight.,1
Sixty-five is smaller than seventy-nine.,1
Sixty-five is smaller than eighty-one.,1
Sixty-five is smaller than eighty-two.,1
Sixty-five is smaller than eighty-three.,1
Sixty-five is smaller than eighty-four.,1
Sixty-five is smaller than eighty-five.,1
Sixty-five is smaller than eighty-six.,1
Sixty-five is smaller than eighty-seven.,1
Sixty-five is smaller than eighty-eight.,1
Sixty-five is smaller than eighty-nine.,1
Sixty-five is smaller than ninety-one.,1
Sixty-five is smaller than ninety-two.,1
Sixty-five is smaller than ninety-three.,1
Sixty-five is smaller than ninety-four.,1
Sixty-five is smaller than ninety-five.,1
Sixty-five is smaller than ninety-six.,1
Sixty-five is smaller than ninety-seven.,1
Sixty-five is smaller than ninety-eight.,1
Sixty-five is smaller than ninety-nine.,1
Sixty-six is smaller than fifty-one.,0
Sixty-six is smaller than fifty-two.,0
Sixty-six is smaller than fifty-three.,0
Sixty-six is smaller than fifty-four.,0
Sixty-six is smaller than fifty-five.,0
Sixty-six is smaller than fifty-six.,0
Sixty-six is smaller than fifty-seven.,0
Sixty-six is smaller than fifty-eight.,0
Sixty-six is smaller than fifty-nine.,0
Sixty-six is smaller than sixty-one.,0
Sixty-six is smaller than sixty-two.,0
Sixty-six is smaller than sixty-three.,0
Sixty-six is smaller than sixty-four.,0
Sixty-six is smaller than sixty-five.,0
Sixty-six is smaller than sixty-seven.,1
Sixty-six is smaller than sixty-eight.,1
Sixty-six is smaller than sixty-nine.,1
Sixty-six is smaller than seventy-one.,1
Sixty-six is smaller than seventy-two.,1
Sixty-six is smaller than seventy-three.,1
Sixty-six is smaller than seventy-four.,1
Sixty-six is smaller than seventy-five.,1
Sixty-six is smaller than seventy-six.,1
Sixty-six is smaller than seventy-seven.,1
Sixty-six is smaller than seventy-eight.,1
Sixty-six is smaller than seventy-nine.,1
Sixty-six is smaller than eighty-one.,1
Sixty-six is smaller than eighty-two.,1
Sixty-six is smaller than eighty-three.,1
Sixty-six is smaller than eighty-four.,1
Sixty-six is smaller than eighty-five.,1
Sixty-six is smaller than eighty-six.,1
Sixty-six is smaller than eighty-seven.,1
Sixty-six is smaller than eighty-eight.,1
Sixty-six is smaller than eighty-nine.,1
Sixty-six is smaller than ninety-one.,1
Sixty-six is smaller than ninety-two.,1
Sixty-six is smaller than ninety-three.,1
Sixty-six is smaller than ninety-four.,1
Sixty-six is smaller than ninety-five.,1
Sixty-six is smaller than ninety-six.,1
Sixty-six is smaller than ninety-seven.,1
Sixty-six is smaller than ninety-eight.,1
Sixty-six is smaller than ninety-nine.,1
Sixty-seven is smaller than fifty-one.,0
Sixty-seven is smaller than fifty-two.,0
Sixty-seven is smaller than fifty-three.,0
Sixty-seven is smaller than fifty-four.,0
Sixty-seven is smaller than fifty-five.,0
Sixty-seven is smaller than fifty-six.,0
Sixty-seven is smaller than fifty-seven.,0
Sixty-seven is smaller than fifty-eight.,0
Sixty-seven is smaller than fifty-nine.,0
Sixty-seven is smaller than sixty-one.,0
Sixty-seven is smaller than sixty-two.,0
Sixty-seven is smaller than sixty-three.,0
Sixty-seven is smaller than sixty-four.,0
Sixty-seven is smaller than sixty-five.,0
Sixty-seven is smaller than sixty-six.,0
Sixty-seven is smaller than sixty-eight.,1
Sixty-seven is smaller than sixty-nine.,1
Sixty-seven is smaller than seventy-one.,1
Sixty-seven is smaller than seventy-two.,1
Sixty-seven is smaller than seventy-three.,1
Sixty-seven is smaller than seventy-four.,1
Sixty-seven is smaller than seventy-five.,1
Sixty-seven is smaller than seventy-six.,1
Sixty-seven is smaller than seventy-seven.,1
Sixty-seven is smaller than seventy-eight.,1
Sixty-seven is smaller than seventy-nine.,1
Sixty-seven is smaller than eighty-one.,1
Sixty-seven is smaller than eighty-two.,1
Sixty-seven is smaller than eighty-three.,1
Sixty-seven is smaller than eighty-four.,1
Sixty-seven is smaller than eighty-five.,1
Sixty-seven is smaller than eighty-six.,1
Sixty-seven is smaller than eighty-seven.,1
Sixty-seven is smaller than eighty-eight.,1
Sixty-seven is smaller than eighty-nine.,1
Sixty-seven is smaller than ninety-one.,1
Sixty-seven is smaller than ninety-two.,1
Sixty-seven is smaller than ninety-three.,1
Sixty-seven is smaller than ninety-four.,1
Sixty-seven is smaller than ninety-five.,1
Sixty-seven is smaller than ninety-six.,1
Sixty-seven is smaller than ninety-seven.,1
Sixty-seven is smaller than ninety-eight.,1
Sixty-seven is smaller than ninety-nine.,1
Sixty-eight is smaller than fifty-one.,0
Sixty-eight is smaller than fifty-two.,0
Sixty-eight is smaller than fifty-three.,0
Sixty-eight is smaller than fifty-four.,0
Sixty-eight is smaller than fifty-five.,0
Sixty-eight is smaller than fifty-six.,0
Sixty-eight is smaller than fifty-seven.,0
Sixty-eight is smaller than fifty-eight.,0
Sixty-eight is smaller than fifty-nine.,0
Sixty-eight is smaller than sixty-one.,0
Sixty-eight is smaller than sixty-two.,0
Sixty-eight is smaller than sixty-three.,0
Sixty-eight is smaller than sixty-four.,0
Sixty-eight is smaller than sixty-five.,0
Sixty-eight is smaller than sixty-six.,0
Sixty-eight is smaller than sixty-seven.,0
Sixty-eight is smaller than sixty-nine.,1
Sixty-eight is smaller than seventy-one.,1
Sixty-eight is smaller than seventy-two.,1
Sixty-eight is smaller than seventy-three.,1
Sixty-eight is smaller than seventy-four.,1
Sixty-eight is smaller than seventy-five.,1
Sixty-eight is smaller than seventy-six.,1
Sixty-eight is smaller than seventy-seven.,1
Sixty-eight is smaller than seventy-eight.,1
Sixty-eight is smaller than seventy-nine.,1
Sixty-eight is smaller than eighty-one.,1
Sixty-eight is smaller than eighty-two.,1
Sixty-eight is smaller than eighty-three.,1
Sixty-eight is smaller than eighty-four.,1
Sixty-eight is smaller than eighty-five.,1
Sixty-eight is smaller than eighty-six.,1
Sixty-eight is smaller than eighty-seven.,1
Sixty-eight is smaller than eighty-eight.,1
Sixty-eight is smaller than eighty-nine.,1
Sixty-eight is smaller than ninety-one.,1
Sixty-eight is smaller than ninety-two.,1
Sixty-eight is smaller than ninety-three.,1
Sixty-eight is smaller than ninety-four.,1
Sixty-eight is smaller than ninety-five.,1
Sixty-eight is smaller than ninety-six.,1
Sixty-eight is smaller than ninety-seven.,1
Sixty-eight is smaller than ninety-eight.,1
Sixty-eight is smaller than ninety-nine.,1
Sixty-nine is smaller than fifty-one.,0
Sixty-nine is smaller than fifty-two.,0
Sixty-nine is smaller than fifty-three.,0
Sixty-nine is smaller than fifty-four.,0
Sixty-nine is smaller than fifty-five.,0
Sixty-nine is smaller than fifty-six.,0
Sixty-nine is smaller than fifty-seven.,0
Sixty-nine is smaller than fifty-eight.,0
Sixty-nine is smaller than fifty-nine.,0
Sixty-nine is smaller than sixty-one.,0
Sixty-nine is smaller than sixty-two.,0
Sixty-nine is smaller than sixty-three.,0
Sixty-nine is smaller than sixty-four.,0
Sixty-nine is smaller than sixty-five.,0
Sixty-nine is smaller than sixty-six.,0
Sixty-nine is smaller than sixty-seven.,0
Sixty-nine is smaller than sixty-eight.,0
Sixty-nine is smaller than seventy-one.,1
Sixty-nine is smaller than seventy-two.,1
Sixty-nine is smaller than seventy-three.,1
Sixty-nine is smaller than seventy-four.,1
Sixty-nine is smaller than seventy-five.,1
Sixty-nine is smaller than seventy-six.,1
Sixty-nine is smaller than seventy-seven.,1
Sixty-nine is smaller than seventy-eight.,1
Sixty-nine is smaller than seventy-nine.,1
Sixty-nine is smaller than eighty-one.,1
Sixty-nine is smaller than eighty-two.,1
Sixty-nine is smaller than eighty-three.,1
Sixty-nine is smaller than eighty-four.,1
Sixty-nine is smaller than eighty-five.,1
Sixty-nine is smaller than eighty-six.,1
Sixty-nine is smaller than eighty-seven.,1
Sixty-nine is smaller than eighty-eight.,1
Sixty-nine is smaller than eighty-nine.,1
Sixty-nine is smaller than ninety-one.,1
Sixty-nine is smaller than ninety-two.,1
Sixty-nine is smaller than ninety-three.,1
Sixty-nine is smaller than ninety-four.,1
Sixty-nine is smaller than ninety-five.,1
Sixty-nine is smaller than ninety-six.,1
Sixty-nine is smaller than ninety-seven.,1
Sixty-nine is smaller than ninety-eight.,1
Sixty-nine is smaller than ninety-nine.,1
Seventy-one is smaller than fifty-one.,0
Seventy-one is smaller than fifty-two.,0
Seventy-one is smaller than fifty-three.,0
Seventy-one is smaller than fifty-four.,0
Seventy-one is smaller than fifty-five.,0
Seventy-one is smaller than fifty-six.,0
Seventy-one is smaller than fifty-seven.,0
Seventy-one is smaller than fifty-eight.,0
Seventy-one is smaller than fifty-nine.,0
Seventy-one is smaller than sixty-one.,0
Seventy-one is smaller than sixty-two.,0
Seventy-one is smaller than sixty-three.,0
Seventy-one is smaller than sixty-four.,0
Seventy-one is smaller than sixty-five.,0
Seventy-one is smaller than sixty-six.,0
Seventy-one is smaller than sixty-seven.,0
Seventy-one is smaller than sixty-eight.,0
Seventy-one is smaller than sixty-nine.,0
Seventy-one is smaller than seventy-two.,1
Seventy-one is smaller than seventy-three.,1
Seventy-one is smaller than seventy-four.,1
Seventy-one is smaller than seventy-five.,1
Seventy-one is smaller than seventy-six.,1
Seventy-one is smaller than seventy-seven.,1
Seventy-one is smaller than seventy-eight.,1
Seventy-one is smaller than seventy-nine.,1
Seventy-one is smaller than eighty-one.,1
Seventy-one is smaller than eighty-two.,1
Seventy-one is smaller than eighty-three.,1
Seventy-one is smaller than eighty-four.,1
Seventy-one is smaller than eighty-five.,1
Seventy-one is smaller than eighty-six.,1
Seventy-one is smaller than eighty-seven.,1
Seventy-one is smaller than eighty-eight.,1
Seventy-one is smaller than eighty-nine.,1
Seventy-one is smaller than ninety-one.,1
Seventy-one is smaller than ninety-two.,1
Seventy-one is smaller than ninety-three.,1
Seventy-one is smaller than ninety-four.,1
Seventy-one is smaller than ninety-five.,1
Seventy-one is smaller than ninety-six.,1
Seventy-one is smaller than ninety-seven.,1
Seventy-one is smaller than ninety-eight.,1
Seventy-one is smaller than ninety-nine.,1
Seventy-two is smaller than fifty-one.,0
Seventy-two is smaller than fifty-two.,0
Seventy-two is smaller than fifty-three.,0
Seventy-two is smaller than fifty-four.,0
Seventy-two is smaller than fifty-five.,0
Seventy-two is smaller than fifty-six.,0
Seventy-two is smaller than fifty-seven.,0
Seventy-two is smaller than fifty-eight.,0
Seventy-two is smaller than fifty-nine.,0
Seventy-two is smaller than sixty-one.,0
Seventy-two is smaller than sixty-two.,0
Seventy-two is smaller than sixty-three.,0
Seventy-two is smaller than sixty-four.,0
Seventy-two is smaller than sixty-five.,0
Seventy-two is smaller than sixty-six.,0
Seventy-two is smaller than sixty-seven.,0
Seventy-two is smaller than sixty-eight.,0
Seventy-two is smaller than sixty-nine.,0
Seventy-two is smaller than seventy-one.,0
Seventy-two is smaller than seventy-three.,1
Seventy-two is smaller than seventy-four.,1
Seventy-two is smaller than seventy-five.,1
Seventy-two is smaller than seventy-six.,1
Seventy-two is smaller than seventy-seven.,1
Seventy-two is smaller than seventy-eight.,1
Seventy-two is smaller than seventy-nine.,1
Seventy-two is smaller than eighty-one.,1
Seventy-two is smaller than eighty-two.,1
Seventy-two is smaller than eighty-three.,1
Seventy-two is smaller than eighty-four.,1
Seventy-two is smaller than eighty-five.,1
Seventy-two is smaller than eighty-six.,1
Seventy-two is smaller than eighty-seven.,1
Seventy-two is smaller than eighty-eight.,1
Seventy-two is smaller than eighty-nine.,1
Seventy-two is smaller than ninety-one.,1
Seventy-two is smaller than ninety-two.,1
Seventy-two is smaller than ninety-three.,1
Seventy-two is smaller than ninety-four.,1
Seventy-two is smaller than ninety-five.,1
Seventy-two is smaller than ninety-six.,1
Seventy-two is smaller than ninety-seven.,1
Seventy-two is smaller than ninety-eight.,1
Seventy-two is smaller than ninety-nine.,1
Seventy-three is smaller than fifty-one.,0
Seventy-three is smaller than fifty-two.,0
Seventy-three is smaller than fifty-three.,0
Seventy-three is smaller than fifty-four.,0
Seventy-three is smaller than fifty-five.,0
Seventy-three is smaller than fifty-six.,0
Seventy-three is smaller than fifty-seven.,0
Seventy-three is smaller than fifty-eight.,0
Seventy-three is smaller than fifty-nine.,0
Seventy-three is smaller than sixty-one.,0
Seventy-three is smaller than sixty-two.,0
Seventy-three is smaller than sixty-three.,0
Seventy-three is smaller than sixty-four.,0
Seventy-three is smaller than sixty-five.,0
Seventy-three is smaller than sixty-six.,0
Seventy-three is smaller than sixty-seven.,0
Seventy-three is smaller than sixty-eight.,0
Seventy-three is smaller than sixty-nine.,0
Seventy-three is smaller than seventy-one.,0
Seventy-three is smaller than seventy-two.,0
Seventy-three is smaller than seventy-four.,1
Seventy-three is smaller than seventy-five.,1
Seventy-three is smaller than seventy-six.,1
Seventy-three is smaller than seventy-seven.,1
Seventy-three is smaller than seventy-eight.,1
Seventy-three is smaller than seventy-nine.,1
Seventy-three is smaller than eighty-one.,1
Seventy-three is smaller than eighty-two.,1
Seventy-three is smaller than eighty-three.,1
Seventy-three is smaller than eighty-four.,1
Seventy-three is smaller than eighty-five.,1
Seventy-three is smaller than eighty-six.,1
Seventy-three is smaller than eighty-seven.,1
Seventy-three is smaller than eighty-eight.,1
Seventy-three is smaller than eighty-nine.,1
Seventy-three is smaller than ninety-one.,1
Seventy-three is smaller than ninety-two.,1
Seventy-three is smaller than ninety-three.,1
Seventy-three is smaller than ninety-four.,1
Seventy-three is smaller than ninety-five.,1
Seventy-three is smaller than ninety-six.,1
Seventy-three is smaller than ninety-seven.,1
Seventy-three is smaller than ninety-eight.,1
Seventy-three is smaller than ninety-nine.,1
Seventy-four is smaller than fifty-one.,0
Seventy-four is smaller than fifty-two.,0
Seventy-four is smaller than fifty-three.,0
Seventy-four is smaller than fifty-four.,0
Seventy-four is smaller than fifty-five.,0
Seventy-four is smaller than fifty-six.,0
Seventy-four is smaller than fifty-seven.,0
Seventy-four is smaller than fifty-eight.,0
Seventy-four is smaller than fifty-nine.,0
Seventy-four is smaller than sixty-one.,0
Seventy-four is smaller than sixty-two.,0
Seventy-four is smaller than sixty-three.,0
Seventy-four is smaller than sixty-four.,0
Seventy-four is smaller than sixty-five.,0
Seventy-four is smaller than sixty-six.,0
Seventy-four is smaller than sixty-seven.,0
Seventy-four is smaller than sixty-eight.,0
Seventy-four is smaller than sixty-nine.,0
Seventy-four is smaller than seventy-one.,0
Seventy-four is smaller than seventy-two.,0
Seventy-four is smaller than seventy-three.,0
Seventy-four is smaller than seventy-five.,1
Seventy-four is smaller than seventy-six.,1
Seventy-four is smaller than seventy-seven.,1
Seventy-four is smaller than seventy-eight.,1
Seventy-four is smaller than seventy-nine.,1
Seventy-four is smaller than eighty-one.,1
Seventy-four is smaller than eighty-two.,1
Seventy-four is smaller than eighty-three.,1
Seventy-four is smaller than eighty-four.,1
Seventy-four is smaller than eighty-five.,1
Seventy-four is smaller than eighty-six.,1
Seventy-four is smaller than eighty-seven.,1
Seventy-four is smaller than eighty-eight.,1
Seventy-four is smaller than eighty-nine.,1
Seventy-four is smaller than ninety-one.,1
Seventy-four is smaller than ninety-two.,1
Seventy-four is smaller than ninety-three.,1
Seventy-four is smaller than ninety-four.,1
Seventy-four is smaller than ninety-five.,1
Seventy-four is smaller than ninety-six.,1
Seventy-four is smaller than ninety-seven.,1
Seventy-four is smaller than ninety-eight.,1
Seventy-four is smaller than ninety-nine.,1
Seventy-five is smaller than fifty-one.,0
Seventy-five is smaller than fifty-two.,0
Seventy-five is smaller than fifty-three.,0
Seventy-five is smaller than fifty-four.,0
Seventy-five is smaller than fifty-five.,0
Seventy-five is smaller than fifty-six.,0
Seventy-five is smaller than fifty-seven.,0
Seventy-five is smaller than fifty-eight.,0
Seventy-five is smaller than fifty-nine.,0
Seventy-five is smaller than sixty-one.,0
Seventy-five is smaller than sixty-two.,0
Seventy-five is smaller than sixty-three.,0
Seventy-five is smaller than sixty-four.,0
Seventy-five is smaller than sixty-five.,0
Seventy-five is smaller than sixty-six.,0
Seventy-five is smaller than sixty-seven.,0
Seventy-five is smaller than sixty-eight.,0
Seventy-five is smaller than sixty-nine.,0
Seventy-five is smaller than seventy-one.,0
Seventy-five is smaller than seventy-two.,0
Seventy-five is smaller than seventy-three.,0
Seventy-five is smaller than seventy-four.,0
Seventy-five is smaller than seventy-six.,1
Seventy-five is smaller than seventy-seven.,1
Seventy-five is smaller than seventy-eight.,1
Seventy-five is smaller than seventy-nine.,1
Seventy-five is smaller than eighty-one.,1
Seventy-five is smaller than eighty-two.,1
Seventy-five is smaller than eighty-three.,1
Seventy-five is smaller than eighty-four.,1
Seventy-five is smaller than eighty-five.,1
Seventy-five is smaller than eighty-six.,1
Seventy-five is smaller than eighty-seven.,1
Seventy-five is smaller than eighty-eight.,1
Seventy-five is smaller than eighty-nine.,1
Seventy-five is smaller than ninety-one.,1
Seventy-five is smaller than ninety-two.,1
Seventy-five is smaller than ninety-three.,1
Seventy-five is smaller than ninety-four.,1
Seventy-five is smaller than ninety-five.,1
Seventy-five is smaller than ninety-six.,1
Seventy-five is smaller than ninety-seven.,1
Seventy-five is smaller than ninety-eight.,1
Seventy-five is smaller than ninety-nine.,1
Seventy-six is smaller than fifty-one.,0
Seventy-six is smaller than fifty-two.,0
Seventy-six is smaller than fifty-three.,0
Seventy-six is smaller than fifty-four.,0
Seventy-six is smaller than fifty-five.,0
Seventy-six is smaller than fifty-six.,0
Seventy-six is smaller than fifty-seven.,0
Seventy-six is smaller than fifty-eight.,0
Seventy-six is smaller than fifty-nine.,0
Seventy-six is smaller than sixty-one.,0
Seventy-six is smaller than sixty-two.,0
Seventy-six is smaller than sixty-three.,0
Seventy-six is smaller than sixty-four.,0
Seventy-six is smaller than sixty-five.,0
Seventy-six is smaller than sixty-six.,0
Seventy-six is smaller than sixty-seven.,0
Seventy-six is smaller than sixty-eight.,0
Seventy-six is smaller than sixty-nine.,0
Seventy-six is smaller than seventy-one.,0
Seventy-six is smaller than seventy-two.,0
Seventy-six is smaller than seventy-three.,0
Seventy-six is smaller than seventy-four.,0
Seventy-six is smaller than seventy-five.,0
Seventy-six is smaller than seventy-seven.,1
Seventy-six is smaller than seventy-eight.,1
Seventy-six is smaller than seventy-nine.,1
Seventy-six is smaller than eighty-one.,1
Seventy-six is smaller than eighty-two.,1
Seventy-six is smaller than eighty-three.,1
Seventy-six is smaller than eighty-four.,1
Seventy-six is smaller than eighty-five.,1
Seventy-six is smaller than eighty-six.,1
Seventy-six is smaller than eighty-seven.,1
Seventy-six is smaller than eighty-eight.,1
Seventy-six is smaller than eighty-nine.,1
Seventy-six is smaller than ninety-one.,1
Seventy-six is smaller than ninety-two.,1
Seventy-six is smaller than ninety-three.,1
Seventy-six is smaller than ninety-four.,1
Seventy-six is smaller than ninety-five.,1
Seventy-six is smaller than ninety-six.,1
Seventy-six is smaller than ninety-seven.,1
Seventy-six is smaller than ninety-eight.,1
Seventy-six is smaller than ninety-nine.,1
Seventy-seven is smaller than fifty-one.,0
Seventy-seven is smaller than fifty-two.,0
Seventy-seven is smaller than fifty-three.,0
Seventy-seven is smaller than fifty-four.,0
Seventy-seven is smaller than fifty-five.,0
Seventy-seven is smaller than fifty-six.,0
Seventy-seven is smaller than fifty-seven.,0
Seventy-seven is smaller than fifty-eight.,0
Seventy-seven is smaller than fifty-nine.,0
Seventy-seven is smaller than sixty-one.,0
Seventy-seven is smaller than sixty-two.,0
Seventy-seven is smaller than sixty-three.,0
Seventy-seven is smaller than sixty-four.,0
Seventy-seven is smaller than sixty-five.,0
Seventy-seven is smaller than sixty-six.,0
Seventy-seven is smaller than sixty-seven.,0
Seventy-seven is smaller than sixty-eight.,0
Seventy-seven is smaller than sixty-nine.,0
Seventy-seven is smaller than seventy-one.,0
Seventy-seven is smaller than seventy-two.,0
Seventy-seven is smaller than seventy-three.,0
Seventy-seven is smaller than seventy-four.,0
Seventy-seven is smaller than seventy-five.,0
Seventy-seven is smaller than seventy-six.,0
Seventy-seven is smaller than seventy-eight.,1
Seventy-seven is smaller than seventy-nine.,1
Seventy-seven is smaller than eighty-one.,1
Seventy-seven is smaller than eighty-two.,1
Seventy-seven is smaller than eighty-three.,1
Seventy-seven is smaller than eighty-four.,1
Seventy-seven is smaller than eighty-five.,1
Seventy-seven is smaller than eighty-six.,1
Seventy-seven is smaller than eighty-seven.,1
Seventy-seven is smaller than eighty-eight.,1
Seventy-seven is smaller than eighty-nine.,1
Seventy-seven is smaller than ninety-one.,1
Seventy-seven is smaller than ninety-two.,1
Seventy-seven is smaller than ninety-three.,1
Seventy-seven is smaller than ninety-four.,1
Seventy-seven is smaller than ninety-five.,1
Seventy-seven is smaller than ninety-six.,1
Seventy-seven is smaller than ninety-seven.,1
Seventy-seven is smaller than ninety-eight.,1
Seventy-seven is smaller than ninety-nine.,1
Seventy-eight is smaller than fifty-one.,0
Seventy-eight is smaller than fifty-two.,0
Seventy-eight is smaller than fifty-three.,0
Seventy-eight is smaller than fifty-four.,0
Seventy-eight is smaller than fifty-five.,0
Seventy-eight is smaller than fifty-six.,0
Seventy-eight is smaller than fifty-seven.,0
Seventy-eight is smaller than fifty-eight.,0
Seventy-eight is smaller than fifty-nine.,0
Seventy-eight is smaller than sixty-one.,0
Seventy-eight is smaller than sixty-two.,0
Seventy-eight is smaller than sixty-three.,0
Seventy-eight is smaller than sixty-four.,0
Seventy-eight is smaller than sixty-five.,0
Seventy-eight is smaller than sixty-six.,0
Seventy-eight is smaller than sixty-seven.,0
Seventy-eight is smaller than sixty-eight.,0
Seventy-eight is smaller than sixty-nine.,0
Seventy-eight is smaller than seventy-one.,0
Seventy-eight is smaller than seventy-two.,0
Seventy-eight is smaller than seventy-three.,0
Seventy-eight is smaller than seventy-four.,0
Seventy-eight is smaller than seventy-five.,0
Seventy-eight is smaller than seventy-six.,0
Seventy-eight is smaller than seventy-seven.,0
Seventy-eight is smaller than seventy-nine.,1
Seventy-eight is smaller than eighty-one.,1
Seventy-eight is smaller than eighty-two.,1
Seventy-eight is smaller than eighty-three.,1
Seventy-eight is smaller than eighty-four.,1
Seventy-eight is smaller than eighty-five.,1
Seventy-eight is smaller than eighty-six.,1
Seventy-eight is smaller than eighty-seven.,1
Seventy-eight is smaller than eighty-eight.,1
Seventy-eight is smaller than eighty-nine.,1
Seventy-eight is smaller than ninety-one.,1
Seventy-eight is smaller than ninety-two.,1
Seventy-eight is smaller than ninety-three.,1
Seventy-eight is smaller than ninety-four.,1
Seventy-eight is smaller than ninety-five.,1
Seventy-eight is smaller than ninety-six.,1
Seventy-eight is smaller than ninety-seven.,1
Seventy-eight is smaller than ninety-eight.,1
Seventy-eight is smaller than ninety-nine.,1
Seventy-nine is smaller than fifty-one.,0
Seventy-nine is smaller than fifty-two.,0
Seventy-nine is smaller than fifty-three.,0
Seventy-nine is smaller than fifty-four.,0
Seventy-nine is smaller than fifty-five.,0
Seventy-nine is smaller than fifty-six.,0
Seventy-nine is smaller than fifty-seven.,0
Seventy-nine is smaller than fifty-eight.,0
Seventy-nine is smaller than fifty-nine.,0
Seventy-nine is smaller than sixty-one.,0
Seventy-nine is smaller than sixty-two.,0
Seventy-nine is smaller than sixty-three.,0
Seventy-nine is smaller than sixty-four.,0
Seventy-nine is smaller than sixty-five.,0
Seventy-nine is smaller than sixty-six.,0
Seventy-nine is smaller than sixty-seven.,0
Seventy-nine is smaller than sixty-eight.,0
Seventy-nine is smaller than sixty-nine.,0
Seventy-nine is smaller than seventy-one.,0
Seventy-nine is smaller than seventy-two.,0
Seventy-nine is smaller than seventy-three.,0
Seventy-nine is smaller than seventy-four.,0
Seventy-nine is smaller than seventy-five.,0
Seventy-nine is smaller than seventy-six.,0
Seventy-nine is smaller than seventy-seven.,0
Seventy-nine is smaller than seventy-eight.,0
Seventy-nine is smaller than eighty-one.,1
Seventy-nine is smaller than eighty-two.,1
Seventy-nine is smaller than eighty-three.,1
Seventy-nine is smaller than eighty-four.,1
Seventy-nine is smaller than eighty-five.,1
Seventy-nine is smaller than eighty-six.,1
Seventy-nine is smaller than eighty-seven.,1
Seventy-nine is smaller than eighty-eight.,1
Seventy-nine is smaller than eighty-nine.,1
Seventy-nine is smaller than ninety-one.,1
Seventy-nine is smaller than ninety-two.,1
Seventy-nine is smaller than ninety-three.,1
Seventy-nine is smaller than ninety-four.,1
Seventy-nine is smaller than ninety-five.,1
Seventy-nine is smaller than ninety-six.,1
Seventy-nine is smaller than ninety-seven.,1
Seventy-nine is smaller than ninety-eight.,1
Seventy-nine is smaller than ninety-nine.,1
Eighty-one is smaller than fifty-one.,0
Eighty-one is smaller than fifty-two.,0
Eighty-one is smaller than fifty-three.,0
Eighty-one is smaller than fifty-four.,0
Eighty-one is smaller than fifty-five.,0
Eighty-one is smaller than fifty-six.,0
Eighty-one is smaller than fifty-seven.,0
Eighty-one is smaller than fifty-eight.,0
Eighty-one is smaller than fifty-nine.,0
Eighty-one is smaller than sixty-one.,0
Eighty-one is smaller than sixty-two.,0
Eighty-one is smaller than sixty-three.,0
Eighty-one is smaller than sixty-four.,0
Eighty-one is smaller than sixty-five.,0
Eighty-one is smaller than sixty-six.,0
Eighty-one is smaller than sixty-seven.,0
Eighty-one is smaller than sixty-eight.,0
Eighty-one is smaller than sixty-nine.,0
Eighty-one is smaller than seventy-one.,0
Eighty-one is smaller than seventy-two.,0
Eighty-one is smaller than seventy-three.,0
Eighty-one is smaller than seventy-four.,0
Eighty-one is smaller than seventy-five.,0
Eighty-one is smaller than seventy-six.,0
Eighty-one is smaller than seventy-seven.,0
Eighty-one is smaller than seventy-eight.,0
Eighty-one is smaller than seventy-nine.,0
Eighty-one is smaller than eighty-two.,1
Eighty-one is smaller than eighty-three.,1
Eighty-one is smaller than eighty-four.,1
Eighty-one is smaller than eighty-five.,1
Eighty-one is smaller than eighty-six.,1
Eighty-one is smaller than eighty-seven.,1
Eighty-one is smaller than eighty-eight.,1
Eighty-one is smaller than eighty-nine.,1
Eighty-one is smaller than ninety-one.,1
Eighty-one is smaller than ninety-two.,1
Eighty-one is smaller than ninety-three.,1
Eighty-one is smaller than ninety-four.,1
Eighty-one is smaller than ninety-five.,1
Eighty-one is smaller than ninety-six.,1
Eighty-one is smaller than ninety-seven.,1
Eighty-one is smaller than ninety-eight.,1
Eighty-one is smaller than ninety-nine.,1
Eighty-two is smaller than fifty-one.,0
Eighty-two is smaller than fifty-two.,0
Eighty-two is smaller than fifty-three.,0
Eighty-two is smaller than fifty-four.,0
Eighty-two is smaller than fifty-five.,0
Eighty-two is smaller than fifty-six.,0
Eighty-two is smaller than fifty-seven.,0
Eighty-two is smaller than fifty-eight.,0
Eighty-two is smaller than fifty-nine.,0
Eighty-two is smaller than sixty-one.,0
Eighty-two is smaller than sixty-two.,0
Eighty-two is smaller than sixty-three.,0
Eighty-two is smaller than sixty-four.,0
Eighty-two is smaller than sixty-five.,0
Eighty-two is smaller than sixty-six.,0
Eighty-two is smaller than sixty-seven.,0
Eighty-two is smaller than sixty-eight.,0
Eighty-two is smaller than sixty-nine.,0
Eighty-two is smaller than seventy-one.,0
Eighty-two is smaller than seventy-two.,0
Eighty-two is smaller than seventy-three.,0
Eighty-two is smaller than seventy-four.,0
Eighty-two is smaller than seventy-five.,0
Eighty-two is smaller than seventy-six.,0
Eighty-two is smaller than seventy-seven.,0
Eighty-two is smaller than seventy-eight.,0
Eighty-two is smaller than seventy-nine.,0
Eighty-two is smaller than eighty-one.,0
Eighty-two is smaller than eighty-three.,1
Eighty-two is smaller than eighty-four.,1
Eighty-two is smaller than eighty-five.,1
Eighty-two is smaller than eighty-six.,1
Eighty-two is smaller than eighty-seven.,1
Eighty-two is smaller than eighty-eight.,1
Eighty-two is smaller than eighty-nine.,1
Eighty-two is smaller than ninety-one.,1
Eighty-two is smaller than ninety-two.,1
Eighty-two is smaller than ninety-three.,1
Eighty-two is smaller than ninety-four.,1
Eighty-two is smaller than ninety-five.,1
Eighty-two is smaller than ninety-six.,1
Eighty-two is smaller than ninety-seven.,1
Eighty-two is smaller than ninety-eight.,1
Eighty-two is smaller than ninety-nine.,1
Eighty-three is smaller than fifty-one.,0
Eighty-three is smaller than fifty-two.,0
Eighty-three is smaller than fifty-three.,0
Eighty-three is smaller than fifty-four.,0
Eighty-three is smaller than fifty-five.,0
Eighty-three is smaller than fifty-six.,0
Eighty-three is smaller than fifty-seven.,0
Eighty-three is smaller than fifty-eight.,0
Eighty-three is smaller than fifty-nine.,0
Eighty-three is smaller than sixty-one.,0
Eighty-three is smaller than sixty-two.,0
Eighty-three is smaller than sixty-three.,0
Eighty-three is smaller than sixty-four.,0
Eighty-three is smaller than sixty-five.,0
Eighty-three is smaller than sixty-six.,0
Eighty-three is smaller than sixty-seven.,0
Eighty-three is smaller than sixty-eight.,0
Eighty-three is smaller than sixty-nine.,0
Eighty-three is smaller than seventy-one.,0
Eighty-three is smaller than seventy-two.,0
Eighty-three is smaller than seventy-three.,0
Eighty-three is smaller than seventy-four.,0
Eighty-three is smaller than seventy-five.,0
Eighty-three is smaller than seventy-six.,0
Eighty-three is smaller than seventy-seven.,0
Eighty-three is smaller than seventy-eight.,0
Eighty-three is smaller than seventy-nine.,0
Eighty-three is smaller than eighty-one.,0
Eighty-three is smaller than eighty-two.,0
Eighty-three is smaller than eighty-four.,1
Eighty-three is smaller than eighty-five.,1
Eighty-three is smaller than eighty-six.,1
Eighty-three is smaller than eighty-seven.,1
Eighty-three is smaller than eighty-eight.,1
Eighty-three is smaller than eighty-nine.,1
Eighty-three is smaller than ninety-one.,1
Eighty-three is smaller than ninety-two.,1
Eighty-three is smaller than ninety-three.,1
Eighty-three is smaller than ninety-four.,1
Eighty-three is smaller than ninety-five.,1
Eighty-three is smaller than ninety-six.,1
Eighty-three is smaller than ninety-seven.,1
Eighty-three is smaller than ninety-eight.,1
Eighty-three is smaller than ninety-nine.,1
Eighty-four is smaller than fifty-one.,0
Eighty-four is smaller than fifty-two.,0
Eighty-four is smaller than fifty-three.,0
Eighty-four is smaller than fifty-four.,0
Eighty-four is smaller than fifty-five.,0
Eighty-four is smaller than fifty-six.,0
Eighty-four is smaller than fifty-seven.,0
Eighty-four is smaller than fifty-eight.,0
Eighty-four is smaller than fifty-nine.,0
Eighty-four is smaller than sixty-one.,0
Eighty-four is smaller than sixty-two.,0
Eighty-four is smaller than sixty-three.,0
Eighty-four is smaller than sixty-four.,0
Eighty-four is smaller than sixty-five.,0
Eighty-four is smaller than sixty-six.,0
Eighty-four is smaller than sixty-seven.,0
Eighty-four is smaller than sixty-eight.,0
Eighty-four is smaller than sixty-nine.,0
Eighty-four is smaller than seventy-one.,0
Eighty-four is smaller than seventy-two.,0
Eighty-four is smaller than seventy-three.,0
Eighty-four is smaller than seventy-four.,0
Eighty-four is smaller than seventy-five.,0
Eighty-four is smaller than seventy-six.,0
Eighty-four is smaller than seventy-seven.,0
Eighty-four is smaller than seventy-eight.,0
Eighty-four is smaller than seventy-nine.,0
Eighty-four is smaller than eighty-one.,0
Eighty-four is smaller than eighty-two.,0
Eighty-four is smaller than eighty-three.,0
Eighty-four is smaller than eighty-five.,1
Eighty-four is smaller than eighty-six.,1
Eighty-four is smaller than eighty-seven.,1
Eighty-four is smaller than eighty-eight.,1
Eighty-four is smaller than eighty-nine.,1
Eighty-four is smaller than ninety-one.,1
Eighty-four is smaller than ninety-two.,1
Eighty-four is smaller than ninety-three.,1
Eighty-four is smaller than ninety-four.,1
Eighty-four is smaller than ninety-five.,1
Eighty-four is smaller than ninety-six.,1
Eighty-four is smaller than ninety-seven.,1
Eighty-four is smaller than ninety-eight.,1
Eighty-four is smaller than ninety-nine.,1
Eighty-five is smaller than fifty-one.,0
Eighty-five is smaller than fifty-two.,0
Eighty-five is smaller than fifty-three.,0
Eighty-five is smaller than fifty-four.,0
Eighty-five is smaller than fifty-five.,0
Eighty-five is smaller than fifty-six.,0
Eighty-five is smaller than fifty-seven.,0
Eighty-five is smaller than fifty-eight.,0
Eighty-five is smaller than fifty-nine.,0
Eighty-five is smaller than sixty-one.,0
Eighty-five is smaller than sixty-two.,0
Eighty-five is smaller than sixty-three.,0
Eighty-five is smaller than sixty-four.,0
Eighty-five is smaller than sixty-five.,0
Eighty-five is smaller than sixty-six.,0
Eighty-five is smaller than sixty-seven.,0
Eighty-five is smaller than sixty-eight.,0
Eighty-five is smaller than sixty-nine.,0
Eighty-five is smaller than seventy-one.,0
Eighty-five is smaller than seventy-two.,0
Eighty-five is smaller than seventy-three.,0
Eighty-five is smaller than seventy-four.,0
Eighty-five is smaller than seventy-five.,0
Eighty-five is smaller than seventy-six.,0
Eighty-five is smaller than seventy-seven.,0
Eighty-five is smaller than seventy-eight.,0
Eighty-five is smaller than seventy-nine.,0
Eighty-five is smaller than eighty-one.,0
Eighty-five is smaller than eighty-two.,0
Eighty-five is smaller than eighty-three.,0
Eighty-five is smaller than eighty-four.,0
Eighty-five is smaller than eighty-six.,1
Eighty-five is smaller than eighty-seven.,1
Eighty-five is smaller than eighty-eight.,1
Eighty-five is smaller than eighty-nine.,1
Eighty-five is smaller than ninety-one.,1
Eighty-five is smaller than ninety-two.,1
Eighty-five is smaller than ninety-three.,1
Eighty-five is smaller than ninety-four.,1
Eighty-five is smaller than ninety-five.,1
Eighty-five is smaller than ninety-six.,1
Eighty-five is smaller than ninety-seven.,1
Eighty-five is smaller than ninety-eight.,1
Eighty-five is smaller than ninety-nine.,1
Eighty-six is smaller than fifty-one.,0
Eighty-six is smaller than fifty-two.,0
Eighty-six is smaller than fifty-three.,0
Eighty-six is smaller than fifty-four.,0
Eighty-six is smaller than fifty-five.,0
Eighty-six is smaller than fifty-six.,0
Eighty-six is smaller than fifty-seven.,0
Eighty-six is smaller than fifty-eight.,0
Eighty-six is smaller than fifty-nine.,0
Eighty-six is smaller than sixty-one.,0
Eighty-six is smaller than sixty-two.,0
Eighty-six is smaller than sixty-three.,0
Eighty-six is smaller than sixty-four.,0
Eighty-six is smaller than sixty-five.,0
Eighty-six is smaller than sixty-six.,0
Eighty-six is smaller than sixty-seven.,0
Eighty-six is smaller than sixty-eight.,0
Eighty-six is smaller than sixty-nine.,0
Eighty-six is smaller than seventy-one.,0
Eighty-six is smaller than seventy-two.,0
Eighty-six is smaller than seventy-three.,0
Eighty-six is smaller than seventy-four.,0
Eighty-six is smaller than seventy-five.,0
Eighty-six is smaller than seventy-six.,0
Eighty-six is smaller than seventy-seven.,0
Eighty-six is smaller than seventy-eight.,0
Eighty-six is smaller than seventy-nine.,0
Eighty-six is smaller than eighty-one.,0
Eighty-six is smaller than eighty-two.,0
Eighty-six is smaller than eighty-three.,0
Eighty-six is smaller than eighty-four.,0
Eighty-six is smaller than eighty-five.,0
Eighty-six is smaller than eighty-seven.,1
Eighty-six is smaller than eighty-eight.,1
Eighty-six is smaller than eighty-nine.,1
Eighty-six is smaller than ninety-one.,1
Eighty-six is smaller than ninety-two.,1
Eighty-six is smaller than ninety-three.,1
Eighty-six is smaller than ninety-four.,1
Eighty-six is smaller than ninety-five.,1
Eighty-six is smaller than ninety-six.,1
Eighty-six is smaller than ninety-seven.,1
Eighty-six is smaller than ninety-eight.,1
Eighty-six is smaller than ninety-nine.,1
Eighty-seven is smaller than fifty-one.,0
Eighty-seven is smaller than fifty-two.,0
Eighty-seven is smaller than fifty-three.,0
Eighty-seven is smaller than fifty-four.,0
Eighty-seven is smaller than fifty-five.,0
Eighty-seven is smaller than fifty-six.,0
Eighty-seven is smaller than fifty-seven.,0
Eighty-seven is smaller than fifty-eight.,0
Eighty-seven is smaller than fifty-nine.,0
Eighty-seven is smaller than sixty-one.,0
Eighty-seven is smaller than sixty-two.,0
Eighty-seven is smaller than sixty-three.,0
Eighty-seven is smaller than sixty-four.,0
Eighty-seven is smaller than sixty-five.,0
Eighty-seven is smaller than sixty-six.,0
Eighty-seven is smaller than sixty-seven.,0
Eighty-seven is smaller than sixty-eight.,0
Eighty-seven is smaller than sixty-nine.,0
Eighty-seven is smaller than seventy-one.,0
Eighty-seven is smaller than seventy-two.,0
Eighty-seven is smaller than seventy-three.,0
Eighty-seven is smaller than seventy-four.,0
Eighty-seven is smaller than seventy-five.,0
Eighty-seven is smaller than seventy-six.,0
Eighty-seven is smaller than seventy-seven.,0
Eighty-seven is smaller than seventy-eight.,0
Eighty-seven is smaller than seventy-nine.,0
Eighty-seven is smaller than eighty-one.,0
Eighty-seven is smaller than eighty-two.,0
Eighty-seven is smaller than eighty-three.,0
Eighty-seven is smaller than eighty-four.,0
Eighty-seven is smaller than eighty-five.,0
Eighty-seven is smaller than eighty-six.,0
Eighty-seven is smaller than eighty-eight.,1
Eighty-seven is smaller than eighty-nine.,1
Eighty-seven is smaller than ninety-one.,1
Eighty-seven is smaller than ninety-two.,1
Eighty-seven is smaller than ninety-three.,1
Eighty-seven is smaller than ninety-four.,1
Eighty-seven is smaller than ninety-five.,1
Eighty-seven is smaller than ninety-six.,1
Eighty-seven is smaller than ninety-seven.,1
Eighty-seven is smaller than ninety-eight.,1
Eighty-seven is smaller than ninety-nine.,1
Eighty-eight is smaller than fifty-one.,0
Eighty-eight is smaller than fifty-two.,0
Eighty-eight is smaller than fifty-three.,0
Eighty-eight is smaller than fifty-four.,0
Eighty-eight is smaller than fifty-five.,0
Eighty-eight is smaller than fifty-six.,0
Eighty-eight is smaller than fifty-seven.,0
Eighty-eight is smaller than fifty-eight.,0
Eighty-eight is smaller than fifty-nine.,0
Eighty-eight is smaller than sixty-one.,0
Eighty-eight is smaller than sixty-two.,0
Eighty-eight is smaller than sixty-three.,0
Eighty-eight is smaller than sixty-four.,0
Eighty-eight is smaller than sixty-five.,0
Eighty-eight is smaller than sixty-six.,0
Eighty-eight is smaller than sixty-seven.,0
Eighty-eight is smaller than sixty-eight.,0
Eighty-eight is smaller than sixty-nine.,0
Eighty-eight is smaller than seventy-one.,0
Eighty-eight is smaller than seventy-two.,0
Eighty-eight is smaller than seventy-three.,0
Eighty-eight is smaller than seventy-four.,0
Eighty-eight is smaller than seventy-five.,0
Eighty-eight is smaller than seventy-six.,0
Eighty-eight is smaller than seventy-seven.,0
Eighty-eight is smaller than seventy-eight.,0
Eighty-eight is smaller than seventy-nine.,0
Eighty-eight is smaller than eighty-one.,0
Eighty-eight is smaller than eighty-two.,0
Eighty-eight is smaller than eighty-three.,0
Eighty-eight is smaller than eighty-four.,0
Eighty-eight is smaller than eighty-five.,0
Eighty-eight is smaller than eighty-six.,0
Eighty-eight is smaller than eighty-seven.,0
Eighty-eight is smaller than eighty-nine.,1
Eighty-eight is smaller than ninety-one.,1
Eighty-eight is smaller than ninety-two.,1
Eighty-eight is smaller than ninety-three.,1
Eighty-eight is smaller than ninety-four.,1
Eighty-eight is smaller than ninety-five.,1
Eighty-eight is smaller than ninety-six.,1
Eighty-eight is smaller than ninety-seven.,1
Eighty-eight is smaller than ninety-eight.,1
Eighty-eight is smaller than ninety-nine.,1
Eighty-nine is smaller than fifty-one.,0
Eighty-nine is smaller than fifty-two.,0
Eighty-nine is smaller than fifty-three.,0
Eighty-nine is smaller than fifty-four.,0
Eighty-nine is smaller than fifty-five.,0
Eighty-nine is smaller than fifty-six.,0
Eighty-nine is smaller than fifty-seven.,0
Eighty-nine is smaller than fifty-eight.,0
Eighty-nine is smaller than fifty-nine.,0
Eighty-nine is smaller than sixty-one.,0
Eighty-nine is smaller than sixty-two.,0
Eighty-nine is smaller than sixty-three.,0
Eighty-nine is smaller than sixty-four.,0
Eighty-nine is smaller than sixty-five.,0
Eighty-nine is smaller than sixty-six.,0
Eighty-nine is smaller than sixty-seven.,0
Eighty-nine is smaller than sixty-eight.,0
Eighty-nine is smaller than sixty-nine.,0
Eighty-nine is smaller than seventy-one.,0
Eighty-nine is smaller than seventy-two.,0
Eighty-nine is smaller than seventy-three.,0
Eighty-nine is smaller than seventy-four.,0
Eighty-nine is smaller than seventy-five.,0
Eighty-nine is smaller than seventy-six.,0
Eighty-nine is smaller than seventy-seven.,0
Eighty-nine is smaller than seventy-eight.,0
Eighty-nine is smaller than seventy-nine.,0
Eighty-nine is smaller than eighty-one.,0
Eighty-nine is smaller than eighty-two.,0
Eighty-nine is smaller than eighty-three.,0
Eighty-nine is smaller than eighty-four.,0
Eighty-nine is smaller than eighty-five.,0
Eighty-nine is smaller than eighty-six.,0
Eighty-nine is smaller than eighty-seven.,0
Eighty-nine is smaller than eighty-eight.,0
Eighty-nine is smaller than ninety-one.,1
Eighty-nine is smaller than ninety-two.,1
Eighty-nine is smaller than ninety-three.,1
Eighty-nine is smaller than ninety-four.,1
Eighty-nine is smaller than ninety-five.,1
Eighty-nine is smaller than ninety-six.,1
Eighty-nine is smaller than ninety-seven.,1
Eighty-nine is smaller than ninety-eight.,1
Eighty-nine is smaller than ninety-nine.,1
Ninety-one is smaller than fifty-one.,0
Ninety-one is smaller than fifty-two.,0
Ninety-one is smaller than fifty-three.,0
Ninety-one is smaller than fifty-four.,0
Ninety-one is smaller than fifty-five.,0
Ninety-one is smaller than fifty-six.,0
Ninety-one is smaller than fifty-seven.,0
Ninety-one is smaller than fifty-eight.,0
Ninety-one is smaller than fifty-nine.,0
Ninety-one is smaller than sixty-one.,0
Ninety-one is smaller than sixty-two.,0
Ninety-one is smaller than sixty-three.,0
Ninety-one is smaller than sixty-four.,0
Ninety-one is smaller than sixty-five.,0
Ninety-one is smaller than sixty-six.,0
Ninety-one is smaller than sixty-seven.,0
Ninety-one is smaller than sixty-eight.,0
Ninety-one is smaller than sixty-nine.,0
Ninety-one is smaller than seventy-one.,0
Ninety-one is smaller than seventy-two.,0
Ninety-one is smaller than seventy-three.,0
Ninety-one is smaller than seventy-four.,0
Ninety-one is smaller than seventy-five.,0
Ninety-one is smaller than seventy-six.,0
Ninety-one is smaller than seventy-seven.,0
Ninety-one is smaller than seventy-eight.,0
Ninety-one is smaller than seventy-nine.,0
Ninety-one is smaller than eighty-one.,0
Ninety-one is smaller than eighty-two.,0
Ninety-one is smaller than eighty-three.,0
Ninety-one is smaller than eighty-four.,0
Ninety-one is smaller than eighty-five.,0
Ninety-one is smaller than eighty-six.,0
Ninety-one is smaller than eighty-seven.,0
Ninety-one is smaller than eighty-eight.,0
Ninety-one is smaller than eighty-nine.,0
Ninety-one is smaller than ninety-two.,1
Ninety-one is smaller than ninety-three.,1
Ninety-one is smaller than ninety-four.,1
Ninety-one is smaller than ninety-five.,1
Ninety-one is smaller than ninety-six.,1
Ninety-one is smaller than ninety-seven.,1
Ninety-one is smaller than ninety-eight.,1
Ninety-one is smaller than ninety-nine.,1
Ninety-two is smaller than fifty-one.,0
Ninety-two is smaller than fifty-two.,0
Ninety-two is smaller than fifty-three.,0
Ninety-two is smaller than fifty-four.,0
Ninety-two is smaller than fifty-five.,0
Ninety-two is smaller than fifty-six.,0
Ninety-two is smaller than fifty-seven.,0
Ninety-two is smaller than fifty-eight.,0
Ninety-two is smaller than fifty-nine.,0
Ninety-two is smaller than sixty-one.,0
Ninety-two is smaller than sixty-two.,0
Ninety-two is smaller than sixty-three.,0
Ninety-two is smaller than sixty-four.,0
Ninety-two is smaller than sixty-five.,0
Ninety-two is smaller than sixty-six.,0
Ninety-two is smaller than sixty-seven.,0
Ninety-two is smaller than sixty-eight.,0
Ninety-two is smaller than sixty-nine.,0
Ninety-two is smaller than seventy-one.,0
Ninety-two is smaller than seventy-two.,0
Ninety-two is smaller than seventy-three.,0
Ninety-two is smaller than seventy-four.,0
Ninety-two is smaller than seventy-five.,0
Ninety-two is smaller than seventy-six.,0
Ninety-two is smaller than seventy-seven.,0
Ninety-two is smaller than seventy-eight.,0
Ninety-two is smaller than seventy-nine.,0
Ninety-two is smaller than eighty-one.,0
Ninety-two is smaller than eighty-two.,0
Ninety-two is smaller than eighty-three.,0
Ninety-two is smaller than eighty-four.,0
Ninety-two is smaller than eighty-five.,0
Ninety-two is smaller than eighty-six.,0
Ninety-two is smaller than eighty-seven.,0
Ninety-two is smaller than eighty-eight.,0
Ninety-two is smaller than eighty-nine.,0
Ninety-two is smaller than ninety-one.,0
Ninety-two is smaller than ninety-three.,1
Ninety-two is smaller than ninety-four.,1
Ninety-two is smaller than ninety-five.,1
Ninety-two is smaller than ninety-six.,1
Ninety-two is smaller than ninety-seven.,1
Ninety-two is smaller than ninety-eight.,1
Ninety-two is smaller than ninety-nine.,1
Ninety-three is smaller than fifty-one.,0
Ninety-three is smaller than fifty-two.,0
Ninety-three is smaller than fifty-three.,0
Ninety-three is smaller than fifty-four.,0
Ninety-three is smaller than fifty-five.,0
Ninety-three is smaller than fifty-six.,0
Ninety-three is smaller than fifty-seven.,0
Ninety-three is smaller than fifty-eight.,0
Ninety-three is smaller than fifty-nine.,0
Ninety-three is smaller than sixty-one.,0
Ninety-three is smaller than sixty-two.,0
Ninety-three is smaller than sixty-three.,0
Ninety-three is smaller than sixty-four.,0
Ninety-three is smaller than sixty-five.,0
Ninety-three is smaller than sixty-six.,0
Ninety-three is smaller than sixty-seven.,0
Ninety-three is smaller than sixty-eight.,0
Ninety-three is smaller than sixty-nine.,0
Ninety-three is smaller than seventy-one.,0
Ninety-three is smaller than seventy-two.,0
Ninety-three is smaller than seventy-three.,0
Ninety-three is smaller than seventy-four.,0
Ninety-three is smaller than seventy-five.,0
Ninety-three is smaller than seventy-six.,0
Ninety-three is smaller than seventy-seven.,0
Ninety-three is smaller than seventy-eight.,0
Ninety-three is smaller than seventy-nine.,0
Ninety-three is smaller than eighty-one.,0
Ninety-three is smaller than eighty-two.,0
Ninety-three is smaller than eighty-three.,0
Ninety-three is smaller than eighty-four.,0
Ninety-three is smaller than eighty-five.,0
Ninety-three is smaller than eighty-six.,0
Ninety-three is smaller than eighty-seven.,0
Ninety-three is smaller than eighty-eight.,0
Ninety-three is smaller than eighty-nine.,0
Ninety-three is smaller than ninety-one.,0
Ninety-three is smaller than ninety-two.,0
Ninety-three is smaller than ninety-four.,1
Ninety-three is smaller than ninety-five.,1
Ninety-three is smaller than ninety-six.,1
Ninety-three is smaller than ninety-seven.,1
Ninety-three is smaller than ninety-eight.,1
Ninety-three is smaller than ninety-nine.,1
Ninety-four is smaller than fifty-one.,0
Ninety-four is smaller than fifty-two.,0
Ninety-four is smaller than fifty-three.,0
Ninety-four is smaller than fifty-four.,0
Ninety-four is smaller than fifty-five.,0
Ninety-four is smaller than fifty-six.,0
Ninety-four is smaller than fifty-seven.,0
Ninety-four is smaller than fifty-eight.,0
Ninety-four is smaller than fifty-nine.,0
Ninety-four is smaller than sixty-one.,0
Ninety-four is smaller than sixty-two.,0
Ninety-four is smaller than sixty-three.,0
Ninety-four is smaller than sixty-four.,0
Ninety-four is smaller than sixty-five.,0
Ninety-four is smaller than sixty-six.,0
Ninety-four is smaller than sixty-seven.,0
Ninety-four is smaller than sixty-eight.,0
Ninety-four is smaller than sixty-nine.,0
Ninety-four is smaller than seventy-one.,0
Ninety-four is smaller than seventy-two.,0
Ninety-four is smaller than seventy-three.,0
Ninety-four is smaller than seventy-four.,0
Ninety-four is smaller than seventy-five.,0
Ninety-four is smaller than seventy-six.,0
Ninety-four is smaller than seventy-seven.,0
Ninety-four is smaller than seventy-eight.,0
Ninety-four is smaller than seventy-nine.,0
Ninety-four is smaller than eighty-one.,0
Ninety-four is smaller than eighty-two.,0
Ninety-four is smaller than eighty-three.,0
Ninety-four is smaller than eighty-four.,0
Ninety-four is smaller than eighty-five.,0
Ninety-four is smaller than eighty-six.,0
Ninety-four is smaller than eighty-seven.,0
Ninety-four is smaller than eighty-eight.,0
Ninety-four is smaller than eighty-nine.,0
Ninety-four is smaller than ninety-one.,0
Ninety-four is smaller than ninety-two.,0
Ninety-four is smaller than ninety-three.,0
Ninety-four is smaller than ninety-five.,1
Ninety-four is smaller than ninety-six.,1
Ninety-four is smaller than ninety-seven.,1
Ninety-four is smaller than ninety-eight.,1
Ninety-four is smaller than ninety-nine.,1
Ninety-five is smaller than fifty-one.,0
Ninety-five is smaller than fifty-two.,0
Ninety-five is smaller than fifty-three.,0
Ninety-five is smaller than fifty-four.,0
Ninety-five is smaller than fifty-five.,0
Ninety-five is smaller than fifty-six.,0
Ninety-five is smaller than fifty-seven.,0
Ninety-five is smaller than fifty-eight.,0
Ninety-five is smaller than fifty-nine.,0
Ninety-five is smaller than sixty-one.,0
Ninety-five is smaller than sixty-two.,0
Ninety-five is smaller than sixty-three.,0
Ninety-five is smaller than sixty-four.,0
Ninety-five is smaller than sixty-five.,0
Ninety-five is smaller than sixty-six.,0
Ninety-five is smaller than sixty-seven.,0
Ninety-five is smaller than sixty-eight.,0
Ninety-five is smaller than sixty-nine.,0
Ninety-five is smaller than seventy-one.,0
Ninety-five is smaller than seventy-two.,0
Ninety-five is smaller than seventy-three.,0
Ninety-five is smaller than seventy-four.,0
Ninety-five is smaller than seventy-five.,0
Ninety-five is smaller than seventy-six.,0
Ninety-five is smaller than seventy-seven.,0
Ninety-five is smaller than seventy-eight.,0
Ninety-five is smaller than seventy-nine.,0
Ninety-five is smaller than eighty-one.,0
Ninety-five is smaller than eighty-two.,0
Ninety-five is smaller than eighty-three.,0
Ninety-five is smaller than eighty-four.,0
Ninety-five is smaller than eighty-five.,0
Ninety-five is smaller than eighty-six.,0
Ninety-five is smaller than eighty-seven.,0
Ninety-five is smaller than eighty-eight.,0
Ninety-five is smaller than eighty-nine.,0
Ninety-five is smaller than ninety-one.,0
Ninety-five is smaller than ninety-two.,0
Ninety-five is smaller than ninety-three.,0
Ninety-five is smaller than ninety-four.,0
Ninety-five is smaller than ninety-six.,1
Ninety-five is smaller than ninety-seven.,1
Ninety-five is smaller than ninety-eight.,1
Ninety-five is smaller than ninety-nine.,1
Ninety-six is smaller than fifty-one.,0
Ninety-six is smaller than fifty-two.,0
Ninety-six is smaller than fifty-three.,0
Ninety-six is smaller than fifty-four.,0
Ninety-six is smaller than fifty-five.,0
Ninety-six is smaller than fifty-six.,0
Ninety-six is smaller than fifty-seven.,0
Ninety-six is smaller than fifty-eight.,0
Ninety-six is smaller than fifty-nine.,0
Ninety-six is smaller than sixty-one.,0
Ninety-six is smaller than sixty-two.,0
Ninety-six is smaller than sixty-three.,0
Ninety-six is smaller than sixty-four.,0
Ninety-six is smaller than sixty-five.,0
Ninety-six is smaller than sixty-six.,0
Ninety-six is smaller than sixty-seven.,0
Ninety-six is smaller than sixty-eight.,0
Ninety-six is smaller than sixty-nine.,0
Ninety-six is smaller than seventy-one.,0
Ninety-six is smaller than seventy-two.,0
Ninety-six is smaller than seventy-three.,0
Ninety-six is smaller than seventy-four.,0
Ninety-six is smaller than seventy-five.,0
Ninety-six is smaller than seventy-six.,0
Ninety-six is smaller than seventy-seven.,0
Ninety-six is smaller than seventy-eight.,0
Ninety-six is smaller than seventy-nine.,0
Ninety-six is smaller than eighty-one.,0
Ninety-six is smaller than eighty-two.,0
Ninety-six is smaller than eighty-three.,0
Ninety-six is smaller than eighty-four.,0
Ninety-six is smaller than eighty-five.,0
Ninety-six is smaller than eighty-six.,0
Ninety-six is smaller than eighty-seven.,0
Ninety-six is smaller than eighty-eight.,0
Ninety-six is smaller than eighty-nine.,0
Ninety-six is smaller than ninety-one.,0
Ninety-six is smaller than ninety-two.,0
Ninety-six is smaller than ninety-three.,0
Ninety-six is smaller than ninety-four.,0
Ninety-six is smaller than ninety-five.,0
Ninety-six is smaller than ninety-seven.,1
Ninety-six is smaller than ninety-eight.,1
Ninety-six is smaller than ninety-nine.,1
Ninety-seven is smaller than fifty-one.,0
Ninety-seven is smaller than fifty-two.,0
Ninety-seven is smaller than fifty-three.,0
Ninety-seven is smaller than fifty-four.,0
Ninety-seven is smaller than fifty-five.,0
Ninety-seven is smaller than fifty-six.,0
Ninety-seven is smaller than fifty-seven.,0
Ninety-seven is smaller than fifty-eight.,0
Ninety-seven is smaller than fifty-nine.,0
Ninety-seven is smaller than sixty-one.,0
Ninety-seven is smaller than sixty-two.,0
Ninety-seven is smaller than sixty-three.,0
Ninety-seven is smaller than sixty-four.,0
Ninety-seven is smaller than sixty-five.,0
Ninety-seven is smaller than sixty-six.,0
Ninety-seven is smaller than sixty-seven.,0
Ninety-seven is smaller than sixty-eight.,0
Ninety-seven is smaller than sixty-nine.,0
Ninety-seven is smaller than seventy-one.,0
Ninety-seven is smaller than seventy-two.,0
Ninety-seven is smaller than seventy-three.,0
Ninety-seven is smaller than seventy-four.,0
Ninety-seven is smaller than seventy-five.,0
Ninety-seven is smaller than seventy-six.,0
Ninety-seven is smaller than seventy-seven.,0
Ninety-seven is smaller than seventy-eight.,0
Ninety-seven is smaller than seventy-nine.,0
Ninety-seven is smaller than eighty-one.,0
Ninety-seven is smaller than eighty-two.,0
Ninety-seven is smaller than eighty-three.,0
Ninety-seven is smaller than eighty-four.,0
Ninety-seven is smaller than eighty-five.,0
Ninety-seven is smaller than eighty-six.,0
Ninety-seven is smaller than eighty-seven.,0
Ninety-seven is smaller than eighty-eight.,0
Ninety-seven is smaller than eighty-nine.,0
Ninety-seven is smaller than ninety-one.,0
Ninety-seven is smaller than ninety-two.,0
Ninety-seven is smaller than ninety-three.,0
Ninety-seven is smaller than ninety-four.,0
Ninety-seven is smaller than ninety-five.,0
Ninety-seven is smaller than ninety-six.,0
Ninety-seven is smaller than ninety-eight.,1
Ninety-seven is smaller than ninety-nine.,1
Ninety-eight is smaller than fifty-one.,0
Ninety-eight is smaller than fifty-two.,0
Ninety-eight is smaller than fifty-three.,0
Ninety-eight is smaller than fifty-four.,0
Ninety-eight is smaller than fifty-five.,0
Ninety-eight is smaller than fifty-six.,0
Ninety-eight is smaller than fifty-seven.,0
Ninety-eight is smaller than fifty-eight.,0
Ninety-eight is smaller than fifty-nine.,0
Ninety-eight is smaller than sixty-one.,0
Ninety-eight is smaller than sixty-two.,0
Ninety-eight is smaller than sixty-three.,0
Ninety-eight is smaller than sixty-four.,0
Ninety-eight is smaller than sixty-five.,0
Ninety-eight is smaller than sixty-six.,0
Ninety-eight is smaller than sixty-seven.,0
Ninety-eight is smaller than sixty-eight.,0
Ninety-eight is smaller than sixty-nine.,0
Ninety-eight is smaller than seventy-one.,0
Ninety-eight is smaller than seventy-two.,0
Ninety-eight is smaller than seventy-three.,0
Ninety-eight is smaller than seventy-four.,0
Ninety-eight is smaller than seventy-five.,0
Ninety-eight is smaller than seventy-six.,0
Ninety-eight is smaller than seventy-seven.,0
Ninety-eight is smaller than seventy-eight.,0
Ninety-eight is smaller than seventy-nine.,0
Ninety-eight is smaller than eighty-one.,0
Ninety-eight is smaller than eighty-two.,0
Ninety-eight is smaller than eighty-three.,0
Ninety-eight is smaller than eighty-four.,0
Ninety-eight is smaller than eighty-five.,0
Ninety-eight is smaller than eighty-six.,0
Ninety-eight is smaller than eighty-seven.,0
Ninety-eight is smaller than eighty-eight.,0
Ninety-eight is smaller than eighty-nine.,0
Ninety-eight is smaller than ninety-one.,0
Ninety-eight is smaller than ninety-two.,0
Ninety-eight is smaller than ninety-three.,0
Ninety-eight is smaller than ninety-four.,0
Ninety-eight is smaller than ninety-five.,0
Ninety-eight is smaller than ninety-six.,0
Ninety-eight is smaller than ninety-seven.,0
Ninety-eight is smaller than ninety-nine.,1
Ninety-nine is smaller than fifty-one.,0
Ninety-nine is smaller than fifty-two.,0
Ninety-nine is smaller than fifty-three.,0
Ninety-nine is smaller than fifty-four.,0
Ninety-nine is smaller than fifty-five.,0
Ninety-nine is smaller than fifty-six.,0
Ninety-nine is smaller than fifty-seven.,0
Ninety-nine is smaller than fifty-eight.,0
Ninety-nine is smaller than fifty-nine.,0
Ninety-nine is smaller than sixty-one.,0
Ninety-nine is smaller than sixty-two.,0
Ninety-nine is smaller than sixty-three.,0
Ninety-nine is smaller than sixty-four.,0
Ninety-nine is smaller than sixty-five.,0
Ninety-nine is smaller than sixty-six.,0
Ninety-nine is smaller than sixty-seven.,0
Ninety-nine is smaller than sixty-eight.,0
Ninety-nine is smaller than sixty-nine.,0
Ninety-nine is smaller than seventy-one.,0
Ninety-nine is smaller than seventy-two.,0
Ninety-nine is smaller than seventy-three.,0
Ninety-nine is smaller than seventy-four.,0
Ninety-nine is smaller than seventy-five.,0
Ninety-nine is smaller than seventy-six.,0
Ninety-nine is smaller than seventy-seven.,0
Ninety-nine is smaller than seventy-eight.,0
Ninety-nine is smaller than seventy-nine.,0
Ninety-nine is smaller than eighty-one.,0
Ninety-nine is smaller than eighty-two.,0
Ninety-nine is smaller than eighty-three.,0
Ninety-nine is smaller than eighty-four.,0
Ninety-nine is smaller than eighty-five.,0
Ninety-nine is smaller than eighty-six.,0
Ninety-nine is smaller than eighty-seven.,0
Ninety-nine is smaller than eighty-eight.,0
Ninety-nine is smaller than eighty-nine.,0
Ninety-nine is smaller than ninety-one.,0
Ninety-nine is smaller than ninety-two.,0
Ninety-nine is smaller than ninety-three.,0
Ninety-nine is smaller than ninety-four.,0
Ninety-nine is smaller than ninety-five.,0
Ninety-nine is smaller than ninety-six.,0
Ninety-nine is smaller than ninety-seven.,0
Ninety-nine is smaller than ninety-eight.,0
